{"start_time":[[0,"0"],[1,"30"],[2,"60"],[3,"90"],[4,"120"],[5,"150"],[6,"180"],[7,"210"],[8,"240"],[9,"270"],[10,"300"],[11,"330"],[12,"360"],[13,"390"],[14,"420"],[15,"450"],[16,"480"],[17,"510"],[18,"540"],[19,"570"],[20,"600"],[21,"630"],[22,"660"],[23,"690"],[24,"720"],[25,"750"],[26,"780"],[27,"810"],[28,"840"],[29,"870"],[30,"900"],[31,"930"],[32,"960"],[33,"990"],[34,"1020"],[35,"1050"],[36,"1080"],[37,"1110"],[38,"1140"],[39,"1170"],[40,"1200"],[41,"1230"],[42,"1260"],[43,"1290"],[44,"1320"],[45,"1350"],[46,"1380"],[47,"1410"],[48,"1440"],[49,"1470"],[50,"1500"],[51,"1530"],[52,"1560"],[53,"1590"],[54,"1620"],[55,"1650"],[56,"1680"],[57,"1710"],[58,"1740"],[59,"1770"],[60,"1800"],[61,"1830"],[62,"1860"],[63,"1890"],[64,"1920"],[65,"1950"],[66,"1980"],[67,"2010"],[68,"2040"],[69,"2070"],[70,"2100"],[71,"2130"],[72,"2160"],[73,"2190"],[74,"2220"],[75,"2250"],[76,"2280"],[77,"2310"],[78,"2340"],[79,"2370"],[80,"2400"],[81,"2430"],[82,"2460"],[83,"2490"],[84,"2520"],[85,"2550"],[86,"2580"],[87,"2610"],[88,"2640"],[89,"2670"],[90,"2700"],[91,"2730"],[92,"2760"],[93,"2790"],[94,"2820"],[95,"2850"],[96,"2880"],[97,"2910"],[98,"2940"],[99,"2970"],[100,"3000"],[101,"3030"]],"arousal_sync":[[0,"0.08576860649590988"],[1,"0.10349494393760943"],[2,"0.10327319192586915"],[3,"0.10215102412471337"],[4,"0.1014989977450013"],[5,"0.0965749803197084"],[6,"0.10728880505306605"],[7,"0.12677565337520005"],[8,"0.03998399065327811"],[9,"0.0"],[10,"0.0"],[11,"0.0"],[12,"0.0"],[13,"0.0"],[14,"0.0"],[15,"0.0"],[16,"0.0"],[17,"0.0"],[18,"0.0"],[19,"0.0"],[20,"0.0"],[21,"0.0"],[22,"0.05138489450406555"],[23,"0.08914342027609133"],[24,"0.08364016619488855"],[25,"0.09450596489598778"],[26,"0.09826955143913708"],[27,"0.10553507083377914"],[28,"0.09051506847594554"],[29,"0.10318836744255627"],[30,"0.08767079704474696"],[31,"0.0993235017560357"],[32,"0.10154624403085216"],[33,"0.10583204584957755"],[34,"0.017828128400265774"],[35,"0.0"],[36,"0.009232616418009215"],[37,"0.11620427299724964"],[38,"0.12262872648959058"],[39,"0.13595585057658524"],[40,"0.12317262513721158"],[41,"0.11212178893029891"],[42,"0.11170461576648644"],[43,"0.11529078851588367"],[44,"0.1128936818938545"],[45,"0.10718908594388464"],[46,"0.10118831149264577"],[47,"0.09694398575804292"],[48,"0.113173711638563"],[49,"0.10982171432564398"],[50,"0.10876385200614638"],[51,"0.10799248720691246"],[52,"0.11125276357458058"],[53,"0.08901870309804213"],[54,"0.10536220786523112"],[55,"0.11184232084543738"],[56,"0.10247561893067568"],[57,"0.0814159496032467"],[58,"0.10531640018641247"],[59,"0.11271688618382882"],[60,"0.10022531393149409"],[61,"0.10422394467829059"],[62,"0.11767938039056905"],[63,"0.14466894599538938"],[64,"0.1219562156398135"],[65,"0.12598602169361733"],[66,"0.1362920595985066"],[67,"0.14515429562841894"],[68,"0.1599272144597631"],[69,"0.15423275007715634"],[70,"0.12908404925538813"],[71,"0.11725870654838992"],[72,"0.09781261011322548"],[73,"0.08220967167278076"],[74,"0.10349096766714398"],[75,"0.14589476418443673"],[76,"0.11541443385691756"],[77,"0.12284946197151446"],[78,"0.10945208384451535"],[79,"0.10711261247052294"],[80,"0.10969612504922388"],[81,"0.12573140878739777"],[82,"0.14295141888864912"],[83,"0.11695013098336865"],[84,"0.10539993453238584"],[85,"0.09807333006492569"],[86,"0.10971640529457999"],[87,"0.13430029583134293"],[88,"0.11272927035121587"],[89,"0.11689757240750302"],[90,"0.13960975727304445"],[91,"0.1239428149694189"],[92,"0.11175476628843993"],[93,"0.10924637757220056"],[94,"0.1010891995330001"],[95,"0.06367968450874209"],[96,"0.05971590541620403"],[97,"0.08217522289467813"],[98,"0.048464470745170705"],[99,"0.04156722068694871"],[100,"0.026295170161878916"],[101,"0.0062925526249920935"]]}
