{"10":[[1586044800000,0.2758440938700001],[1586044900000,0.26064780234999996],[1586045000000,0.17119922593999995],[1586045100000,0],[1586045200000,0],[1586045300000,0],[1586045400000,0.060816812819999996],[1586045500000,0.2736011451700001],[1586045600000,0.31835319517000005],[1586045700000,0.2891316808500001],[1586045800000,0.07493259104],[1586045900000,0.3103275394099999],[1586046000000,0.3077764969099999],[1586046100000,0.27821721231],[1586046200000,0.29271226004],[1586046300000,0.26297986092],[1586046400000,0.2923181519100001],[1586046500000,0.29539816927999996],[1586046600000,0.2245515562599999],[1586046700000,0.26122313963],[1586046800000,0.33988322219000017],[1586046900000,0.24626364823000013],[1586047000000,0.25494330527],[1586047100000,0.2965731245699999],[1586047200000,0.32220247686000003],[1586047300000,0.28095372903],[1586047400000,0.3232020504699999],[1586047500000,0.26458821419],[1586047600000,0.33823712698999997],[1586047700000,0.27547789142857143]],"11":[[1586044800000,0.22691185384999993],[1586044900000,0.26395695970000005],[1586045000000,0.15213903875999998],[1586045100000,0],[1586045200000,0],[1586045300000,0],[1586045400000,0.04841272905999999],[1586045500000,0.19277500181],[1586045600000,0.23209561392],[1586045700000,0.22767347035],[1586045800000,0.061288710260000004],[1586045900000,0.30569706472],[1586046000000,0.3475073711399999],[1586046100000,0.34297871622],[1586046200000,0.31094308081000005],[1586046300000,0.3257356540899998],[1586046400000,0.3172980663400001],[1586046500000,0.24036209567999997],[1586046600000,0.39618321725999983],[1586046700000,0.4082894811099999],[1586046800000,0.40131206068],[1586046900000,0.3803655830599999],[1586047000000,0.44196467998000005],[1586047100000,0.3524501338200001],[1586047200000,0.3697113624],[1586047300000,0.28495022383999996],[1586047400000,0.3968926707200001],[1586047500000,0.42391180707999987],[1586047600000,0.33126917284615387]],"12":[[1586044800000,0.38470464015],[1586044900000,0.36041955785000007],[1586045000000,0.20725729155000003],[1586045100000,0],[1586045200000,0],[1586045300000,0],[1586045400000,0.09767429205000001],[1586045500000,0.3635080313500001],[1586045600000,0.34427100013000006],[1586045700000,0.34825007572999994],[1586045800000,0.09222395987000001],[1586045900000,0.34428177372000024],[1586046000000,0.34716220914999996],[1586046100000,0.33894324755],[1586046200000,0.33198981899],[1586046300000,0.39142804508000006],[1586046400000,0.39322126970000004],[1586046500000,0.3958389145000001],[1586046600000,0.36828600986],[1586046700000,0.37426994518000006],[1586046800000,0.45223141205999995],[1586046900000,0.26135270015999995],[1586047000000,0.25278869822],[1586047100000,0.37446217448999985],[1586047200000,0.3681828519399999],[1586047300000,0.32652451292],[1586047400000,0.33775339977999996],[1586047500000,0.38330671402000016],[1586047600000,0.17850077876],[1586047700000,0.08975915611000004],[1586047800000,0.035586148116666654]],"00":[[1586044800000,0.37846942573],[1586044900000,0.4162643494899999],[1586045000000,0.20667077570999998],[1586045100000,0],[1586045200000,0],[1586045300000,0],[1586045400000,0.10438267498000002],[1586045500000,0.39671690558000017],[1586045600000,0.39516063093999987],[1586045700000,0.38463241277999993],[1586045800000,0.09259353190000001],[1586045900000,0.3836537408999998],[1586046000000,0.41806641997999994],[1586046100000,0.4211858978800001],[1586046200000,0.4105148529800003],[1586046300000,0.41479024883999976],[1586046400000,0.36501896116],[1586046500000,0.38933153871000004],[1586046600000,0.3964238446599998],[1586046700000,0.42228893787999994],[1586046800000,0.4178896692200001],[1586046900000,0.40322622686],[1586047000000,0.39955626875],[1586047100000,0.3917645237],[1586047200000,0.4057765785200001],[1586047300000,0.43130964191000004],[1586047400000,0.39379964974999987],[1586047500000,0.39578916252],[1586047600000,0.4697304790899998],[1586047700000,0.4982540246400001],[1586047800000,0.4886131649000001]],"01":[[1586044800000,0.29595710631000005],[1586044900000,0.26921581357999996],[1586045000000,0.14625226915],[1586045100000,0],[1586045200000,0],[1586045300000,0],[1586045400000,0.06992571903999999],[1586045500000,0.23805339603],[1586045600000,0.29127866514000006],[1586045700000,0.29845931618],[1586045800000,0.06745182486],[1586045900000,0.30965835456999996],[1586046000000,0.30635895239],[1586046100000,0.27003557695999997],[1586046200000,0.22800301615999996],[1586046300000,0.22509018586000004],[1586046400000,0.25640013727000016],[1586046500000,0.21217263145999998],[1586046600000,0.26500635122000005],[1586046700000,0.30306814356],[1586046800000,0.32183375449],[1586046900000,0.3137427325599999],[1586047000000,0.28505474776000006],[1586047100000,0.26518078756],[1586047200000,0.2587855814300001],[1586047300000,0.24988630652000005],[1586047400000,0.28117242698000006],[1586047500000,0.26479708387],[1586047600000,0.17754000333999986],[1586047700000,0.09033808439999995],[1586047800000,0.04733540258333336]],"02":[[1586044800000,0.3157468742],[1586044900000,0.33877630191],[1586045000000,0.16995636749000007],[1586045100000,0],[1586045200000,0],[1586045300000,0],[1586045400000,0.09070183871],[1586045500000,0.3508448633299999],[1586045600000,0.32945549099999993],[1586045700000,0.33275321748000003],[1586045800000,0.09357112914],[1586045900000,0.31179701464],[1586046000000,0.31639357502000004],[1586046100000,0.3425597436900001],[1586046200000,0.38654494982],[1586046300000,0.35315172483999996],[1586046400000,0.32056425591],[1586046500000,0.3664153963100002],[1586046600000,0.35722769694000006],[1586046700000,0.39098751812],[1586046800000,0.4175583169099999],[1586046900000,0.4122470414899999],[1586047000000,0.3903876328299999],[1586047100000,0.35100494249000014],[1586047200000,0.40317321750000007],[1586047300000,0.38891839667],[1586047400000,0.3530630957200003],[1586047500000,0.38346227412999995],[1586047600000,0.2988795962800001],[1586047700000,0.29340788107000004],[1586047800000,0.0951895589]],"avg":[[1586044800000,0.31293899901833333],[1586044900000,0.31821346414666674],[1586045000000,0.1755791614333334],[1586045100000,0],[1586045200000,0],[1586045300000,0],[1586045400000,0.07865234444333331],[1586045500000,0.30258322387833336],[1586045600000,0.31843576604999996],[1586045700000,0.3134833622283334],[1586045800000,0.08034362451166668],[1586045900000,0.3275692479933333],[1586046000000,0.34054417076499993],[1586046100000,0.33232006576833334],[1586046200000,0.3267846631333334],[1586046300000,0.3288626199383334],[1586046400000,0.3241368070483335],[1586046500000,0.31658645765666665],[1586046600000,0.33461311270000005],[1586046700000,0.3600211942466667],[1586046800000,0.3917847392583333],[1586046900000,0.33619965539333335],[1586047000000,0.33744922213499995],[1586047100000,0.33857261443833325],[1586047200000,0.3546386781083332],[1586047300000,0.3270904684816668],[1586047400000,0.3476472155699998],[1586047500000,0.35264254263500006],[1586047600000,0.2923293141253333],[1586047700000,0.2441742370075],[1586047800000,0.166681068625],[1586047858190,0.166681068625]]}