{"10":[[1586044800000,null],[1586044900000,0.0025856351900000003],[1586045000000,0.0023027846199999997],[1586045100000,0.00199992791],[1586045200000,-0.00033932685999999996],[1586045300000,0.00106976002],[1586045400000,0.00014221935999999999],[1586045500000,0.00117924988],[1586045600000,0.0017880974699999999],[1586045700000,0.0038093075199999997],[1586045800000,0.00476884305],[1586045900000,0.00197707146],[1586046000000,0.00300773203],[1586046100000,0.00222729802],[1586046200000,null],[1586046300000,0.002607131],[1586046400000,0.00504566073],[1586046500000,0.00219512954],[1586046600000,0.0017153853199999998],[1586046700000,0.00136360899],[1586046800000,0.00363219708],[1586046900000,0.0015021499999999998],[1586047000000,0.00300885439],[1586047100000,0.00348378956],[1586047200000,0.0036065048],[1586047300000,0.00288779259],[1586047400000,0.0037887421300000002],[1586047500000,0.0036751624900000003],[1586047600000,0.0034604015900000003],[1586047700000,0.00216444284],[1586047800000,null]],"11":[[1586044800000,null],[1586044900000,0.0032529532900000004],[1586045000000,0.00186192408],[1586045100000,0.00094392955],[1586045200000,0.0022074487800000002],[1586045300000,0.00147668302],[1586045400000,-0.00075044394],[1586045500000,0.00257449329],[1586045600000,0.00199525386],[1586045700000,0.00234191701],[1586045800000,0.00263029218],[1586045900000,0.00047440082],[1586046000000,0.00281418473],[1586046100000,0.00378592223],[1586046200000,0.0004957175300000001],[1586046300000,0.00455616474],[1586046400000,0.00302203178],[1586046500000,0.00258217633],[1586046600000,0.0034830418200000003],[1586046700000,0.00543098271],[1586046800000,0.00406275153],[1586046900000,0.00390807569],[1586047000000,0.00701253951],[1586047100000,0.00448885918],[1586047200000,0.0037419641],[1586047300000,0.00183257192],[1586047400000,0.0036297339200000002],[1586047500000,0.00425775111],[1586047600000,0.0031923100399999997],[1586047700000,null],[1586047800000,null]],"12":[[1586044800000,null],[1586044900000,0.0028337231299999997],[1586045000000,0.00398254991],[1586045100000,0.00261190951],[1586045200000,0.00229888812],[1586045300000,0.00216407016],[1586045400000,0.0034837987999999996],[1586045500000,0.00335293889],[1586045600000,0.00206743851],[1586045700000,0.00389031768],[1586045800000,0.00119707108],[1586045900000,0.00280260563],[1586046000000,0.00421898752],[1586046100000,0.0026888307900000004],[1586046200000,null],[1586046300000,0.0038019365100000002],[1586046400000,0.0038186106100000002],[1586046500000,0.00345494121],[1586046600000,0.00399229169],[1586046700000,0.00485847652],[1586046800000,0.0031691739000000003],[1586046900000,0.00466087759],[1586047000000,null],[1586047100000,0.00315670222],[1586047200000,0.0030411189799999998],[1586047300000,0.00463578224],[1586047400000,0.00266109109],[1586047500000,0.00280908465],[1586047600000,0.0010594439499999999],[1586047700000,0.00423602939],[1586047800000,0.0038302307333333333]],"01":[[1586044800000,null],[1586044900000,0.00426659673],[1586045000000,0.00331848949],[1586045100000,0.00202810347],[1586045200000,0.00277410716],[1586045300000,0.0027140513100000004],[1586045400000,0.000444884],[1586045500000,0.00421742141],[1586045600000,0.0018803516000000001],[1586045700000,0.00232932299],[1586045800000,0.00246652216],[1586045900000,0.00210826308],[1586046000000,0.0031784454],[1586046100000,0.00323581189],[1586046200000,0.00289707482],[1586046300000,0.00115919322],[1586046400000,0.00145720258],[1586046500000,0.00145338982],[1586046600000,0.0021554915599999998],[1586046700000,0.0035284701],[1586046800000,0.00248089731],[1586046900000,0.00235391527],[1586047000000,0.0031725576500000003],[1586047100000,0.00232055545],[1586047200000,0.00112772077],[1586047300000,0.00433487266],[1586047400000,0.00269198865],[1586047500000,0.0026992619],[1586047600000,0.00186492607],[1586047700000,0.0022409977],[1586047800000,0.0041510393166666664]],"02":[[1586044800000,null],[1586044900000,0.00189257339],[1586045000000,0.003252455],[1586045100000,0.0016175331200000002],[1586045200000,0.0024631007],[1586045300000,0.0037262356299999997],[1586045400000,0.0018917763200000002],[1586045500000,0.00306595683],[1586045600000,0.00296037465],[1586045700000,0.00342304051],[1586045800000,0.00454788148],[1586045900000,0.0014472681300000002],[1586046000000,0.0022160275300000002],[1586046100000,0.00374283284],[1586046200000,0.0035471087699999997],[1586046300000,0.0033590063500000002],[1586046400000,0.00264906019],[1586046500000,0.0036399456899999997],[1586046600000,0.00339979231],[1586046700000,0.00524943948],[1586046800000,0.0028415212],[1586046900000,0.00437111199],[1586047000000,0.00401534349],[1586047100000,0.00447338343],[1586047200000,0.00337802559],[1586047300000,0.00429163456],[1586047400000,0.00362319708],[1586047500000,0.0037879768000000005],[1586047600000,0.0035764756800000003],[1586047700000,0.00469365776],[1586047800000,0.006436036533333333]],"00":[[1586044800000,null],[1586044900000,0.00396094382],[1586045000000,0.00419284642],[1586045100000,0.00318757981],[1586045200000,0.0031565046299999997],[1586045300000,0.0031867688900000003],[1586045400000,0.00316262215],[1586045500000,0.0041747736899999995],[1586045600000,0.0039791587],[1586045700000,0.00368301481],[1586045800000,0.00367180914],[1586045900000,0.0038568458],[1586046000000,0.00379974753],[1586046100000,0.00416024953],[1586046200000,0.00452679276],[1586046300000,0.00430488527],[1586046400000,0.00356747329],[1586046500000,0.00407090187],[1586046600000,0.00434195101],[1586046700000,0.0039913916599999995],[1586046800000,0.00465255022],[1586046900000,0.00406733066],[1586047000000,0.0037683087599999997],[1586047100000,0.00413177431],[1586047200000,0.0034074351200000003],[1586047300000,0.00392521262],[1586047400000,0.00458620161],[1586047500000,0.00377955496],[1586047600000,0.00380514383],[1586047700000,0.0041473811900000004],[1586047800000,0.007367311916666667]],"avg":[[1586044800000,null],[1586044900000,0.00313207092],[1586045000000,0.00315184159],[1586045100000,0.00206483056],[1586045200000,0.00209345375],[1586045300000,0.00238959484],[1586045400000,0.0013958094500000002],[1586045500000,0.003094139],[1586045600000,0.00244511247],[1586045700000,0.00324615342],[1586045800000,0.0032137365099999997],[1586045900000,0.0021110758199999998],[1586046000000,0.00320585412],[1586046100000,0.00330682422],[1586046200000,0.00286667347],[1586046300000,0.00329805285],[1586046400000,0.00326000653],[1586046500000,0.00289941408],[1586046600000,0.00318132562],[1586046700000,0.00407039491],[1586046800000,0.00347318187],[1586046900000,0.0034772435299999997],[1586047000000,0.00419552076],[1586047100000,0.0036758440199999996],[1586047200000,0.0030504615600000003],[1586047300000,0.0036513111],[1586047400000,0.0034968257400000004],[1586047500000,0.00350146532],[1586047600000,0.00282645019],[1586047700000,0.00349650177],[1586047800000,0.005446154616666667]]}