{"start_time":[[0,"0"],[1,"30"],[2,"60"],[3,"90"],[4,"120"],[5,"150"],[6,"180"],[7,"210"],[8,"240"],[9,"270"],[10,"300"],[11,"330"],[12,"360"],[13,"390"],[14,"420"],[15,"450"],[16,"480"],[17,"510"],[18,"540"],[19,"570"],[20,"600"],[21,"630"],[22,"660"],[23,"690"],[24,"720"],[25,"750"],[26,"780"],[27,"810"],[28,"840"],[29,"870"],[30,"900"],[31,"930"],[32,"960"],[33,"990"],[34,"1020"],[35,"1050"],[36,"1080"],[37,"1110"],[38,"1140"],[39,"1170"],[40,"1200"],[41,"1230"],[42,"1260"],[43,"1290"],[44,"1320"],[45,"1350"],[46,"1380"],[47,"1410"],[48,"1440"],[49,"1470"],[50,"1500"],[51,"1530"],[52,"1560"],[53,"1590"],[54,"1620"],[55,"1650"],[56,"1680"],[57,"1710"],[58,"1740"],[59,"1770"],[60,"1800"],[61,"1830"],[62,"1860"],[63,"1890"],[64,"1920"],[65,"1950"],[66,"1980"],[67,"2010"],[68,"2040"],[69,"2070"],[70,"2100"],[71,"2130"],[72,"2160"],[73,"2190"],[74,"2220"],[75,"2250"],[76,"2280"],[77,"2310"],[78,"2340"],[79,"2370"],[80,"2400"],[81,"2430"],[82,"2460"],[83,"2490"],[84,"2520"],[85,"2550"],[86,"2580"],[87,"2610"],[88,"2640"],[89,"2670"],[90,"2700"],[91,"2730"],[92,"2760"],[93,"2790"],[94,"2820"],[95,"2850"],[96,"2880"],[97,"2910"],[98,"2940"],[99,"2970"],[100,"3000"],[101,"3030"]],"arousal_sync":[[0,"0.10366668869177648"],[1,"0.11698442751570598"],[2,"0.10755600966927943"],[3,"0.10858065296037016"],[4,"0.1065606370078275"],[5,"0.0998805899441187"],[6,"0.10422134254626937"],[7,"0.12161135189880178"],[8,"0.059538141200530144"],[9,"0.031169855933794618"],[10,"0.037829689472956"],[11,"0.025731614736440197"],[12,"0.02682500425725937"],[13,"0.03573478473784842"],[14,"0.047562048074037196"],[15,"0.035114082472517655"],[16,"0.04219248887798675"],[17,"0.03392688178967966"],[18,"0.032485298054299463"],[19,"0.02692073623983369"],[20,"0.027665071637930982"],[21,"0.03233126491554045"],[22,"0.07208669119093303"],[23,"0.1083847991518328"],[24,"0.1108552430810393"],[25,"0.11100755082416498"],[26,"0.1104109198775754"],[27,"0.10399473617548322"],[28,"0.09726116752547129"],[29,"0.11106485465421057"],[30,"0.09979025692323883"],[31,"0.10145213435588836"],[32,"0.1036267903830818"],[33,"0.0963889207727567"],[34,"0.044698772223261275"],[35,"0.03870307492421152"],[36,"0.047671711841736526"],[37,"0.1150427526834951"],[38,"0.12500154726060153"],[39,"0.14530855906812182"],[40,"0.11802635493990409"],[41,"0.11889627685470071"],[42,"0.11557361605073825"],[43,"0.1180281409876844"],[44,"0.11118335845670174"],[45,"0.10362679833187904"],[46,"0.09605530184892218"],[47,"0.10158811812057643"],[48,"0.116932234226973"],[49,"0.11697663583346962"],[50,"0.11942103427796114"],[51,"0.12138245537477373"],[52,"0.12541878103540838"],[53,"0.10577753312085804"],[54,"0.11913146258730961"],[55,"0.13069608456800344"],[56,"0.10426996467321428"],[57,"0.08600918327555408"],[58,"0.10789754197361182"],[59,"0.11866355639623243"],[60,"0.10864019888068334"],[61,"0.10457969099950631"],[62,"0.1303079519922833"],[63,"0.14206442661336782"],[64,"0.12058360995566554"],[65,"0.12409036655155908"],[66,"0.12084497790955971"],[67,"0.14253912892676224"],[68,"0.1426789050978785"],[69,"0.15536609316775885"],[70,"0.13286173409856555"],[71,"0.13308723415240478"],[72,"0.13525965047366437"],[73,"0.12090147127994508"],[74,"0.12286730056711394"],[75,"0.13361943722294117"],[76,"0.11468837968995432"],[77,"0.12683417855458723"],[78,"0.1102036108104185"],[79,"0.11275184383483759"],[80,"0.11331770010880439"],[81,"0.12158065267197074"],[82,"0.13715389056406016"],[83,"0.11696765763835983"],[84,"0.11851542979829752"],[85,"0.10057164750604636"],[86,"0.12750134233180174"],[87,"0.13903271400314476"],[88,"0.1153051858705433"],[89,"0.11576206958766458"],[90,"0.14053650222194536"],[91,"0.13334228622043762"],[92,"0.11854630303201877"],[93,"0.11473469352668111"],[94,"0.12108444737371044"],[95,"0.11597840582347803"],[96,"0.11935791214656448"],[97,"0.0956212767233034"],[98,"0.0852034814303439"],[99,"0.08715050520165446"],[100,"0.09365546434924048"],[101,"0.0886503583355248"]]}
