{
  "a_mean": [
    [
      0, //time_s（ms）
      null //没有数据填null
    ],
    [
      8000, //time_s
      0.18164541758596897 //a_mean
    ],
    [
      16000,
      0.21404950010279816 //a_mean
    ],
    [
      24000,
      0.22460248693823814
    ],
    //...
  ],
  "user00": [
    [
      0, //time_s
      null
    ],
    [
      8000, //time_s
      0.14289970695972443 //user00
    ],
    [
      16000,
      0.1983787976205349 //user00
    ],
    [
      24000,
      0.25111978128552437 //user00
    ],
    //...
  ],
  "user01": [ //...
  ],
  "user10": [ //...
  ]
}