{
  "rppg_mean": [
    [
      40, //time_s（ms）
      0.001414798 //rppg_mean
    ],
    [
      20040,
      0.0062954347619999995
    ],
    [
      40040,
      -0.006898894870000007
    ],
    [
      60040,
      0.0025159728439999992
    ],
    [
      80040,
      0.0007067082460000023
    ],
     //...
  ],
  "user00": [
    [
      40, //user00
      0 //数据为0 就填 0 
    ],
    [
      20040,
      0.000262174716
    ],
    [
      40040,
      0
    ],
    [
      60040,
      0
    ],
     //...
  ],
  "user01": [ //...
  ],
  "user10": [ //...
  ]
}