{
  "v_mean": [
    [
      0,  //time_s（ms）
      null //没有数据填null
    ],
    [
      8000, //time_s
      -0.07779077859583333 //v_mean
    ],
    [
      16000,
      -0.06021233098083333
    ],
    [
      24000,
      -0.055239425320833334
    ],
     //...
  ],
  "user00": [
    [
      0, //time_s（ms）
      null //没有数据填null
    ],
    [
      8000, //time_s
      -0.040690091125 //user00
    ],
    [
      16000,
      -0.074168917625
    ],
    [
      24000,
      -0.056864809337499996
    ],
     //...
  ],
  "user01": [ //...
  ],
  "user10": [ //...
  ]
}