time_s,v_sync
0,0.111940778
30,0.138692258
60,-0.133171607
90,0.146057483
120,0.033204304
150,0.093040605
180,-0.07739182
210,0.117864082
240,-0.019156611
270,-0.200663816
300,0.353477141
330,-0.12133736
360,0.034196621
390,0.098287524
420,0.00172253
450,-0.113091844
480,0.079890835
510,-0.16128077
540,0.110222856
570,0.009224625
600,0.152929976
630,-0.118083991
660,-0.158658342
690,-0.237900767
720,0.006684602
750,0.067067392
780,0.039117035
810,-0.036863706
840,-0.092832493