{"rppg_mean":[[40,0.001414798],[20040,0.0062954347619999995],[40040,-0.006898894870000007],[60040,0.0025159728439999992],[80040,0.0007067082460000023],[100040,0.00033844077999999945],[120040,0.002709952269999997],[140040,0.005214325815999992],[160040,0.0025509190800000014],[180040,-0.0014630506919999999],[200040,-0.0010240398699999994],[220040,-0.006531466816000001],[240040,0.0024278608920000034],[260040.00000000003,-0.002928900774],[280040,-0.003774593334000001],[300040,0.001804368753999999],[320040,-0.0006949515999999994],[340040,0.004872696960000001],[360040,0.0017134796780000003],[380040,0.000540428866],[400040,0.003404372113999999],[420040,-0.003754465504],[440040,-0.0005235583139999995],[460040,0.0019958864300000006],[480040,0.0017432473200000012],[500040,0.003962171896000001],[520039,0.002028291316],[540040,-0.0035191579840000006],[560040,-0.0006976989979999992],[580040,-0.0012505962639999977],[600040,-0.0037128960239999993],[620040,-0.0009263201820000003],[640040,0.002713374817999997],[660040,-0.00038282242600000074],[680040,-0.0023507535679999996],[700040,-0.0018762645120000002],[720040,0.001748315548000001],[740040,0.00166664875],[760040,0.00029646277800000046],[780040,-0.00010314183199999992],[800040,0.0011661048799999976],[820040,0.0008262320879999994],[840040,0.005254475126168226]],"user00":[[40,0],[20040,0.000262174716],[40040,0],[60040,0],[80040,0],[100040,0],[120040,0],[140040,0],[160040,0],[180040,0],[200040,0],[220040,0],[240040,0],[260040.00000000003,0],[280040,0],[300040,0],[320040,0],[340040,0.0008115460080000004],[360040,0],[380040,0],[400040,0.0018433393259999994],[420040,-0.0012596155639999997],[440040,0],[460040,0],[480040,0],[500040,0],[520039,0],[540040,0],[560040,0],[580040,0],[600040,0],[620040,0],[640040,0.004826885869999998],[660040,0],[680040,0],[700040,0],[720040,0],[740040,-0.00008342827999999991],[760040,0],[780040,0],[800040,0],[820040,0.005848346503999999],[840040,0]],"user10":[[40,0.0031026846259999985],[20040,0.0019344188119999996],[40040,-0.016663616911999985],[60040,0.0054955297260000004],[80040,0.0019334258819999942],[100040,-0.003236781058],[120040,0.009275769932000003],[140040,0.0043054427519999975],[160040,0.006578096221999998],[180040,-0.00035471284199999856],[200040,-0.008994221359999999],[220040,-0.019658679660000008],[240040,0.007740547696000002],[260040.00000000003,-0.002787305063999998],[280040,-0.000986961313999999],[300040,0.006213295693999999],[320040,0.0023338636020000018],[340040,0.012083740020000006],[360040,0.005140438791999999],[380040,0.0016212866059999997],[400040,0.0038145967679999965],[420040,-0.0017219066460000003],[440040,-0.004996609157999999],[460040,-0.0012358630199999997],[480040,0.00037768708800000103],[500040,0.006234491665999998],[520039,-0.007823291450000009],[540040,-0.008676042453999996],[560040,0],[580040,0],[600040,0],[620040,0],[640040,0.000192035752],[660040,0.0009664387059999919],[680040,-0.0002569717660000007],[700040,-0.007634795799999999],[720040,0.004097858151999999],[740040,0.000912066452000001],[760040,0],[780040,0.0001164882099999997],[800040,-0.004935233621999996],[820040,0.006317148077999998],[840040,-0.002375276925233642]],"user01":[[40,0.0011417094800000016],[20040,0.016689710946000004],[40040,-0.004033067757999999],[60040,0.002052389220000001],[80040,0.00018669890000000034],[100040,0.004252103238000001],[120040,-0.0011459129440000036],[140040,0.01133753433600001],[160040,0.001074660944000001],[180040,-0.004034439112000001],[200040,0.0059221019979999985],[220040,0.00006427927599999987],[240040,-0.000456965232],[260040.00000000003,-0.005999397023999999],[280040,-0.010336818817999997],[300040,-0.0008001894840000002],[320040,-0.004418718352000001],[340040,0.001722804975999994],[360040,0],[380040,0],[400040,0.004555180076000001],[420040,-0.008281874262000003],[440040,0.003425934206000002],[460040,0.007223522327999997],[480040,0.004852054466000002],[500040,0.005652024471999997],[520039,0.013908165400000002],[540040,-0.0018814318059999998],[560040,-0.002093096089999998],[580040,-0.003751788974000002],[600040,-0.011138688383999996],[620040,-0.0027789608499999945],[640040,0.0031212029320000015],[660040,-0.002114905908000001],[680040,-0.006795288907999994],[700040,0.0020060023120000024],[720040,0.0011470887819999994],[740040,0.004171307880000002],[760040,0.0008893879280000013],[780040,-0.0004259133040000001],[800040,0.008433548272],[820040,-0.009686798291999999],[840040,0.01813870233177571]]}
