{"start_time":[[0,"0"],[1,"30"],[2,"60"],[3,"90"],[4,"120"],[5,"150"],[6,"180"],[7,"210"],[8,"240"],[9,"270"],[10,"300"],[11,"330"],[12,"360"],[13,"390"],[14,"420"],[15,"450"],[16,"480"],[17,"510"],[18,"540"],[19,"570"],[20,"600"],[21,"630"],[22,"660"],[23,"690"],[24,"720"],[25,"750"],[26,"780"],[27,"810"],[28,"840"],[29,"870"],[30,"900"],[31,"930"],[32,"960"],[33,"990"],[34,"1020"],[35,"1050"],[36,"1080"],[37,"1110"],[38,"1140"],[39,"1170"],[40,"1200"],[41,"1230"],[42,"1260"],[43,"1290"],[44,"1320"],[45,"1350"],[46,"1380"],[47,"1410"],[48,"1440"],[49,"1470"],[50,"1500"],[51,"1530"],[52,"1560"],[53,"1590"],[54,"1620"],[55,"1650"],[56,"1680"],[57,"1710"],[58,"1740"],[59,"1770"],[60,"1800"],[61,"1830"],[62,"1860"],[63,"1890"],[64,"1920"],[65,"1950"],[66,"1980"],[67,"2010"],[68,"2040"],[69,"2070"],[70,"2100"],[71,"2130"],[72,"2160"],[73,"2190"],[74,"2220"],[75,"2250"],[76,"2280"],[77,"2310"],[78,"2340"],[79,"2370"],[80,"2400"],[81,"2430"],[82,"2460"],[83,"2490"],[84,"2520"],[85,"2550"],[86,"2580"],[87,"2610"],[88,"2640"],[89,"2670"],[90,"2700"],[91,"2730"],[92,"2760"],[93,"2790"],[94,"2820"],[95,"2850"],[96,"2880"],[97,"2910"],[98,"2940"],[99,"2970"],[100,"3000"],[101,"3030"]],"valence_sync":[[0,"0.02833149580347989"],[1,"0.020863717152194056"],[2,"0.02208189619221842"],[3,"0.022130568099668946"],[4,"0.028546147411123626"],[5,"0.02292615748251577"],[6,"0.029793692660411816"],[7,"0.031161688806736417"],[8,"0.0077715170473961395"],[9,"0.0"],[10,"0.0"],[11,"0.0"],[12,"0.0"],[13,"0.0"],[14,"0.0"],[15,"0.0"],[16,"0.0"],[17,"0.0"],[18,"0.0"],[19,"0.0"],[20,"0.0"],[21,"0.0"],[22,"0.015136853297897298"],[23,"0.017562564070586855"],[24,"0.017438568082054306"],[25,"0.022767606397955123"],[26,"0.01377751110853562"],[27,"0.018128057806755807"],[28,"0.019817687809050834"],[29,"0.035962551151650084"],[30,"0.025941829254714898"],[31,"0.028275481213708414"],[32,"0.02082535535587919"],[33,"0.020909139725824366"],[34,"0.0038885603564194756"],[35,"0.0"],[36,"0.0032947859026760634"],[37,"0.026634591439223792"],[38,"0.02215734140438839"],[39,"0.026073971290769785"],[40,"0.03540987832679974"],[41,"0.02848420504149918"],[42,"0.024078481775313836"],[43,"0.02587212375969841"],[44,"0.02551446851967604"],[45,"0.02311542915930204"],[46,"0.021308927021208283"],[47,"0.021315841399623794"],[48,"0.021096636810429538"],[49,"0.02995715103757916"],[50,"0.02506876936354897"],[51,"0.024421662572290347"],[52,"0.022231658526948007"],[53,"0.01773011803568445"],[54,"0.01453702854508414"],[55,"0.012201262716853355"],[56,"0.02159985452449863"],[57,"0.023549401128861377"],[58,"0.024669732506813313"],[59,"0.013477369206616619"],[60,"0.010507773364865821"],[61,"0.012651194689492757"],[62,"0.018534468434374497"],[63,"0.02161727131745017"],[64,"0.024071707078492818"],[65,"0.015882862870419633"],[66,"0.016591289039491773"],[67,"0.016661436806830944"],[68,"0.021343993578780935"],[69,"0.021732506928979285"],[70,"0.03028835932588097"],[71,"0.020058461339505465"],[72,"0.014724318180426054"],[73,"0.012655523251141991"],[74,"0.015549702286839637"],[75,"0.025448476278308683"],[76,"0.02792566962006941"],[77,"0.023184514907447086"],[78,"0.009828119796600051"],[79,"0.004268712022110403"],[80,"0.011947742477622434"],[81,"0.009321094688087624"],[82,"0.011794175698321153"],[83,"0.014405234649789109"],[84,"0.011199498541587102"],[85,"0.01243418699600384"],[86,"0.018917754255881335"],[87,"0.010607655765779128"],[88,"0.015217320707160453"],[89,"0.013248573878208103"],[90,"0.018701463700566235"],[91,"0.011444614517769411"],[92,"0.013454426605399177"],[93,"0.014641935664029769"],[94,"0.02467242765533364"],[95,"0.020142386377773755"],[96,"0.028384173013988035"],[97,"0.03562297290239887"],[98,"0.06427699636492643"],[99,"0.059833496972552226"],[100,"0.07466449393134104"],[101,"0.09487199299840515"]]}
