{"start_time":[[0,"0"],[1,"30"],[2,"60"],[3,"90"],[4,"120"],[5,"150"],[6,"180"],[7,"210"],[8,"240"],[9,"270"],[10,"300"],[11,"330"],[12,"360"],[13,"390"],[14,"420"],[15,"450"],[16,"480"],[17,"510"],[18,"540"],[19,"570"],[20,"600"],[21,"630"],[22,"660"],[23,"690"],[24,"720"],[25,"750"],[26,"780"],[27,"810"],[28,"840"],[29,"870"],[30,"900"],[31,"930"],[32,"960"],[33,"990"],[34,"1020"],[35,"1050"],[36,"1080"],[37,"1110"],[38,"1140"],[39,"1170"],[40,"1200"],[41,"1230"],[42,"1260"],[43,"1290"],[44,"1320"],[45,"1350"],[46,"1380"],[47,"1410"],[48,"1440"],[49,"1470"],[50,"1500"],[51,"1530"],[52,"1560"],[53,"1590"],[54,"1620"],[55,"1650"],[56,"1680"],[57,"1710"],[58,"1740"],[59,"1770"],[60,"1800"],[61,"1830"],[62,"1860"],[63,"1890"],[64,"1920"],[65,"1950"],[66,"1980"],[67,"2010"],[68,"2040"],[69,"2070"],[70,"2100"],[71,"2130"],[72,"2160"],[73,"2190"],[74,"2220"],[75,"2250"],[76,"2280"],[77,"2310"],[78,"2340"],[79,"2370"],[80,"2400"],[81,"2430"],[82,"2460"],[83,"2490"],[84,"2520"],[85,"2550"],[86,"2580"],[87,"2610"],[88,"2640"],[89,"2670"],[90,"2700"],[91,"2730"],[92,"2760"],[93,"2790"],[94,"2820"],[95,"2850"],[96,"2880"],[97,"2910"],[98,"2940"],[99,"2970"],[100,"3000"],[101,"3030"]],"valence_sync":[[0,"0.02833149580347989"],[1,"0.02086371715219406"],[2,"0.022081896192218422"],[3,"0.02213056809966895"],[4,"0.02854614741112363"],[5,"0.022926157482515776"],[6,"0.02979369266041182"],[7,"0.031161688806736428"],[8,"0.007771517047396139"],[9,"0.0"],[10,"0.0"],[11,"0.0"],[12,"0.0"],[13,"0.0"],[14,"0.0"],[15,"0.0"],[16,"0.0"],[17,"0.0"],[18,"0.0"],[19,"0.0"],[20,"0.0"],[21,"0.0"],[22,"0.0151368532978973"],[23,"0.017562564070586848"],[24,"0.01743856808205431"],[25,"0.022767606397955126"],[26,"0.013777511108535628"],[27,"0.018128057806755807"],[28,"0.019817687809050837"],[29,"0.035962551151650084"],[30,"0.0259418292547149"],[31,"0.028275481213708417"],[32,"0.02082535535587919"],[33,"0.020909139725824363"],[34,"0.003888560356419475"],[35,"0.0"],[36,"0.003294785902676064"],[37,"0.02663459143922379"],[38,"0.022157341404388388"],[39,"0.02607397129076978"],[40,"0.03540987832679974"],[41,"0.028484205041499178"],[42,"0.02407848177531384"],[43,"0.025872123759698412"],[44,"0.025514468519676044"],[45,"0.02311542915930204"],[46,"0.021308927021208287"],[47,"0.021315841399623794"],[48,"0.02109663681042953"],[49,"0.02995715103757916"],[50,"0.025068769363548977"],[51,"0.024421662572290347"],[52,"0.022231658526948004"],[53,"0.01773011803568445"],[54,"0.014537028545084135"],[55,"0.01220126271685335"],[56,"0.021599854524498623"],[57,"0.023549401128861374"],[58,"0.02466973250681332"],[59,"0.013477369206616616"],[60,"0.01050777336486582"],[61,"0.012651194689492759"],[62,"0.018534468434374493"],[63,"0.021617271317450174"],[64,"0.024071707078492814"],[65,"0.01588286287041963"],[66,"0.01659128903949177"],[67,"0.016661436806830944"],[68,"0.02134399357878094"],[69,"0.02173250692897928"],[70,"0.030288359325880965"],[71,"0.020058461339505472"],[72,"0.014724318180426054"],[73,"0.012655523251141993"],[74,"0.015549702286839634"],[75,"0.025448476278308672"],[76,"0.02792566962006941"],[77,"0.023184514907447083"],[78,"0.009828119796600051"],[79,"0.004268712022110403"],[80,"0.011947742477622432"],[81,"0.00932109468808762"],[82,"0.011794175698321153"],[83,"0.014405234649789109"],[84,"0.011199498541587102"],[85,"0.012434186996003838"],[86,"0.01891775425588134"],[87,"0.01060765576577913"],[88,"0.015217320707160455"],[89,"0.013248573878208107"],[90,"0.01870146370056623"],[91,"0.01144461451776941"],[92,"0.013454426605399177"],[93,"0.014641935664029769"],[94,"0"],[95,"0"],[96,"0"],[97,"0"],[98,"0"],[99,"0"],[100,"0"]]}
