{"10":[[1586044800000,-0.003227384128800007],[1586044900000,0.000875520806400004],[1586045000000,-0.001429784355600001],[1586045100000,0],[1586045200000,0],[1586045300000,0],[1586045400000,0.00003380334319999994],[1586045500000,-0.0031110489960000003],[1586045600000,-0.004256837212400007],[1586045700000,-0.0020850681639999987],[1586045800000,0.0020879149756000024],[1586045900000,0.0010925918067999998],[1586046000000,0.0015302660788000003],[1586046100000,0.00042991454679999996],[1586046200000,-0.0035953587455999966],[1586046300000,0.0012990417031999964],[1586046400000,-0.005123917589999995],[1586046500000,-0.000491529669999996],[1586046600000,0.0034238038028000005],[1586046700000,0.0013790559679999984],[1586046800000,-0.003450984370000004],[1586046900000,-0.002963672431199997],[1586047000000,-0.0013908680347999938],[1586047100000,0.000853162962],[1586047200000,-0.0015218456704000005],[1586047300000,-0.0021183179520000007],[1586047400000,0.005128115889999988],[1586047500000,0.00017572082400000026],[1586047600000,-0.004235937003599998],[1586047700000,-0.00005674929880000008],[1586047800000,0]],"11":[[1586044800000,-0.0010722774823999977],[1586044900000,0.004678280196800026],[1586045000000,-0.0042138915643999955],[1586045100000,0],[1586045200000,0],[1586045300000,0],[1586045400000,0.002725022955600002],[1586045500000,0.0010608786496000056],[1586045600000,-0.008208876301199987],[1586045700000,0.002349743150400001],[1586045800000,0.0011465541696000013],[1586045900000,-0.0035790358252000055],[1586046000000,-0.00838145471200001],[1586046100000,-0.0004459983267999987],[1586046200000,0.0019798055815999907],[1586046300000,0.0011269799895999974],[1586046400000,-0.0032460912575999964],[1586046500000,0.0032730526720000023],[1586046600000,0.007478042003999994],[1586046700000,0.005207552580799996],[1586046800000,-0.004427421616399995],[1586046900000,-0.000030618179600002416],[1586047000000,0.0018086384192000028],[1586047100000,-0.0030531230952000037],[1586047200000,-0.00042197930280000426],[1586047300000,-0.0008374470599999967],[1586047400000,-0.0002279257860000009],[1586047500000,0.0015430975960000002],[1586047600000,0.005014543225599993],[1586047700000,0],[1586047800000,0]],"12":[[1586044800000,0.003119428462799995],[1586044900000,0.0015065024939999968],[1586045000000,-0.0002143242739999998],[1586045100000,0],[1586045200000,0],[1586045300000,0],[1586045400000,0.0008142134255999998],[1586045500000,0.0017413830164000022],[1586045600000,0.0068396688732000116],[1586045700000,0.001496611530799998],[1586045800000,0.00037462917999999773],[1586045900000,-0.0003655907791999984],[1586046000000,-0.0045507459168000015],[1586046100000,-0.002785250366799997],[1586046200000,-0.0025398012307999976],[1586046300000,0.0024633455496],[1586046400000,0.001032095120799997],[1586046500000,0.003232576779199998],[1586046600000,-0.0015972622400000022],[1586046700000,0.0033092230704000096],[1586046800000,0.0007036698551999986],[1586046900000,-0.0025134096136],[1586047000000,-0.00228268622],[1586047100000,0.00030519380360000337],[1586047200000,0.004727167140799999],[1586047300000,0.0011353294680000003],[1586047400000,-0.0009285727568000012],[1586047500000,-0.0010352741792000002],[1586047600000,-0.0009295201436000008],[1586047700000,0.0008769196816000028],[1586047800000,0.0036996569059139788]],"01":[[1586044800000,-0.001432229975999999],[1586044900000,-0.0017446653591999964],[1586045000000,-0.0031474015372000013],[1586045100000,0],[1586045200000,0],[1586045300000,0],[1586045400000,-0.0015459012991999995],[1586045500000,-0.0024630430335999998],[1586045600000,0.0008060834351999983],[1586045700000,-0.00004034718239999966],[1586045800000,-0.00037191364720000006],[1586045900000,-0.0024031276019999995],[1586046000000,-0.0008281466463999998],[1586046100000,-0.0010902046315999967],[1586046200000,0.004439742980800008],[1586046300000,0.00019024737159999976],[1586046400000,0.0032250831008000034],[1586046500000,0.0006562022244000001],[1586046600000,-0.0015378074207999992],[1586046700000,-0.0001673716956],[1586046800000,0.0032636670588000074],[1586046900000,0.008525024435599996],[1586047000000,-0.0035708477340000073],[1586047100000,0.0010738394976000044],[1586047200000,-0.0032385209631999997],[1586047300000,-0.0019912796951999994],[1586047400000,-0.002975136694399998],[1586047500000,-0.00045099515279999904],[1586047600000,0.0007141180923999991],[1586047700000,-0.002931351937599992],[1586047800000,-0.004916160834005376]],"02":[[1586044800000,0.0008446451516000012],[1586044900000,-0.0031380389028000067],[1586045000000,0.0017730484300000008],[1586045100000,0],[1586045200000,0],[1586045300000,0],[1586045400000,0.0015987522388000012],[1586045500000,0.0018674110160000026],[1586045600000,-0.0014280403188000033],[1586045700000,0.0009831762392000004],[1586045800000,0.0018474461107999974],[1586045900000,-0.0052204204983999905],[1586046000000,-0.004323202217999996],[1586046100000,-0.0036849558835999902],[1586046200000,-0.0014381423696000026],[1586046300000,-0.0068699391348000195],[1586046400000,-0.0010309422480000027],[1586046500000,-0.0031388050423999964],[1586046600000,0.009219239048000025],[1586046700000,0.00514029800839999],[1586046800000,0.0014717686672000008],[1586046900000,-0.0008698754127999997],[1586047000000,-0.0005763626944000004],[1586047100000,0.0033494523187999974],[1586047200000,0.0002372953775999977],[1586047300000,-0.0017757115260000034],[1586047400000,0.004553294941599999],[1586047500000,-0.0008929541460000024],[1586047600000,0.002461126455999999],[1586047700000,-0.0008225960963999993],[1586047800000,0.0031177571982526913]],"00":[[1586044800000,0.003400761258399997],[1586044900000,0.0016404029235999947],[1586045000000,0.0007847140468000026],[1586045100000,0],[1586045200000,0],[1586045300000,0],[1586045400000,0.0022192204060000006],[1586045500000,-0.001683528960000006],[1586045600000,0.0009214783928000003],[1586045700000,0.0005221665659999978],[1586045800000,-0.0032249909083999994],[1586045900000,0.001764249324000004],[1586046000000,0.002281043126],[1586046100000,-0.0032463507720000033],[1586046200000,0.00040696915880000084],[1586046300000,-0.0025594816336],[1586046400000,-0.003343647755199995],[1586046500000,-0.005549276203999998],[1586046600000,0.00025298206880000287],[1586046700000,0.003350633588399996],[1586046800000,-0.009549826777200008],[1586046900000,0.0013646138567999975],[1586047000000,0.005265527160800001],[1586047100000,-0.0017532772535999986],[1586047200000,-0.0002177133639999989],[1586047300000,-0.0052140623499999945],[1586047400000,0.007803565956399996],[1586047500000,-0.004199640326799997],[1586047600000,0.007308842885200008],[1586047700000,-0.005228227091200003],[1586047800000,0.0008858581202957042]],"avg":[[1586044800000,0.00027215721092000035],[1586044900000,0.000636333693451999],[1586045000000,-0.0010746065489320017],[1586045100000,0],[1586045200000,0],[1586045300000,0],[1586045400000,0.0009741851834400002],[1586045500000,-0.0004313246972279974],[1586045600000,-0.0008877538611600027],[1586045700000,0.0005377136925599995],[1586045800000,0.0003099399822799993],[1586045900000,-0.0014518889423999982],[1586046000000,-0.002378706726160001],[1586046100000,-0.0018038075673600022],[1586046200000,-0.00012446411324000225],[1586046300000,-0.0007249676733600003],[1586046400000,-0.001414570099148001],[1586046500000,-0.0003362965488400018],[1586046600000,0.002873166207199994],[1586046700000,0.003036565262002804],[1586046800000,-0.0019981878465199984],[1586046900000,0.0005853437766119997],[1586047000000,-0.00012443317762800025],[1586047100000,0.00012920805799999748],[1586047200000,-0.00007259946639999857],[1586047300000,-0.0018002481942799985],[1586047400000,0.0022255569261200006],[1586047500000,-0.0008100075510679989],[1586047600000,0.001722195586972002],[1586047700000,-0.001360334111628],[1586047800000,0.0004645185687500006],[1586047858190,0.0004645185687500006]]}