{"10":[[1586044800000,-0.10329263373999995],[1586044900000,-0.08121991625],[1586045000000,-0.03153018240000001],[1586045100000,0],[1586045200000,0],[1586045300000,0],[1586045400000,-0.030247229480000005],[1586045500000,-0.10060561058999998],[1586045600000,-0.06633512171],[1586045700000,-0.12650979345000002],[1586045800000,-0.01052331249],[1586045900000,-0.05507216286999998],[1586046000000,-0.07340080284],[1586046100000,-0.09505373156],[1586046200000,-0.09163450901999998],[1586046300000,-0.08509465459],[1586046400000,-0.04341311080000001],[1586046500000,-0.09251950329000001],[1586046600000,-0.08048511614000001],[1586046700000,-0.07977259340000002],[1586046800000,-0.06266279235],[1586046900000,-0.10230391036],[1586047000000,-0.10497573792999998],[1586047100000,-0.10522209583000003],[1586047200000,-0.03729615677],[1586047300000,-0.06640500294000001],[1586047400000,-0.07922322077999999],[1586047500000,-0.05549140003000001],[1586047600000,-0.07418447517999999],[1586047700000,-0.08295680471428571]],"11":[[1586044800000,-0.05141222192000003],[1586044900000,-0.053641498860000005],[1586045000000,-0.04823030698000001],[1586045100000,0],[1586045200000,0],[1586045300000,0],[1586045400000,-0.02701745169],[1586045500000,-0.07667212976999997],[1586045600000,-0.060386596669999994],[1586045700000,-0.09248122177999997],[1586045800000,-0.009405176920000001],[1586045900000,-0.027629497300000014],[1586046000000,-0.07327198424],[1586046100000,-0.0350587291],[1586046200000,-0.060002533409999996],[1586046300000,-0.06869414615999998],[1586046400000,0.03307045264],[1586046500000,-0.0363042466],[1586046600000,0.07616106738000002],[1586046700000,0.13158497032999997],[1586046800000,0.10401328439000002],[1586046900000,0.07523107886],[1586047000000,0.08322264431000004],[1586047100000,0.07475405530000001],[1586047200000,0.11826847412000002],[1586047300000,0.06396218570000001],[1586047400000,0.11359635790999997],[1586047500000,0.07757946974999998],[1586047600000,0.0729525904102564]],"12":[[1586044800000,-0.20650935789000002],[1586044900000,-0.20375408006000006],[1586045000000,-0.08849681859999997],[1586045100000,0],[1586045200000,0],[1586045300000,0],[1586045400000,-0.02977173693],[1586045500000,-0.12856697434000006],[1586045600000,-0.15651965377999993],[1586045700000,-0.13603736538],[1586045800000,-0.04785929352999999],[1586045900000,-0.19623451093],[1586046000000,-0.18719474255],[1586046100000,-0.18431311050000002],[1586046200000,-0.16368151234000003],[1586046300000,-0.16940806424000002],[1586046400000,-0.14345571723],[1586046500000,-0.16918963496],[1586046600000,-0.21132254405999995],[1586046700000,-0.26936972421999994],[1586046800000,-0.19110407892999995],[1586046900000,-0.13459113793],[1586047000000,-0.13595164200999996],[1586047100000,-0.08081144719],[1586047200000,-0.20555458389000006],[1586047300000,-0.21697017906999988],[1586047400000,-0.19784792705999993],[1586047500000,-0.2132711118300001],[1586047600000,-0.10016048287],[1586047700000,-0.07926189440999996],[1586047800000,-0.20066722509999996]],"00":[[1586044800000,-0.11938517811000005],[1586044900000,-0.12088087830000001],[1586045000000,-0.06690338524],[1586045100000,0],[1586045200000,0],[1586045300000,0],[1586045400000,-0.036461227809999996],[1586045500000,-0.1304039566],[1586045600000,-0.1348788590900001],[1586045700000,-0.13068203432000003],[1586045800000,-0.0342086317],[1586045900000,-0.11737557412999995],[1586046000000,-0.12507822528000007],[1586046100000,-0.12258345439999996],[1586046200000,-0.13006877650000004],[1586046300000,-0.13024189934],[1586046400000,-0.13423776746],[1586046500000,-0.12859197779000003],[1586046600000,-0.12985550256999998],[1586046700000,-0.12825088037999996],[1586046800000,-0.13179261191000002],[1586046900000,-0.13426256375999998],[1586047000000,-0.13699787152000006],[1586047100000,-0.13782111755999996],[1586047200000,-0.13737147454],[1586047300000,-0.13236572077000003],[1586047400000,-0.14123647121999997],[1586047500000,-0.13619548305999998],[1586047600000,-0.15111444589000006],[1586047700000,-0.17522578414999998],[1586047800000,-0.16831201128333337]],"01":[[1586044800000,-0.26081271708],[1586044900000,-0.28517674651999997],[1586045000000,-0.19494213831999996],[1586045100000,0],[1586045200000,0],[1586045300000,0],[1586045400000,-0.06965868193],[1586045500000,-0.2040812820600001],[1586045600000,-0.28232944094000006],[1586045700000,-0.25188032402000005],[1586045800000,-0.06646412909999999],[1586045900000,-0.3551700225199999],[1586046000000,-0.38239900711000013],[1586046100000,-0.2893153189],[1586046200000,-0.2516330761199999],[1586046300000,-0.24922191765000004],[1586046400000,-0.2756616005200001],[1586046500000,-0.24011227703],[1586046600000,-0.2304757701100001],[1586046700000,-0.37446695614000014],[1586046800000,-0.39521879555999995],[1586046900000,-0.31410142027],[1586047000000,-0.38841977015999996],[1586047100000,-0.25218261945999987],[1586047200000,-0.2586324249099998],[1586047300000,-0.17694938852000003],[1586047400000,-0.23687845498],[1586047500000,-0.20200073168000002],[1586047600000,-0.30063812552],[1586047700000,-0.28506885272999993],[1586047800000,-0.3461465908999999]],"02":[[1586044800000,-0.18604463501000004],[1586044900000,-0.23983458649000006],[1586045000000,-0.10971315934000003],[1586045100000,0],[1586045200000,0],[1586045300000,0],[1586045400000,-0.05394341781],[1586045500000,-0.18986065595000004],[1586045600000,-0.2289697718400001],[1586045700000,-0.22011999207],[1586045800000,-0.05815490278],[1586045900000,-0.19117260870000005],[1586046000000,-0.21686258047999996],[1586046100000,-0.2359143905599999],[1586046200000,-0.26021998210999997],[1586046300000,-0.23242034775000003],[1586046400000,-0.23628576525999997],[1586046500000,-0.22276189820999995],[1586046600000,-0.20814738077999995],[1586046700000,-0.22011613335000002],[1586046800000,-0.27317954222000007],[1586046900000,-0.31847222682000015],[1586047000000,-0.2434680106099999],[1586047100000,-0.24365975503000004],[1586047200000,-0.21694686398000004],[1586047300000,-0.20992345812000004],[1586047400000,-0.22595955605],[1586047500000,-0.24191629668999998],[1586047600000,-0.29222049516000004],[1586047700000,-0.4662521235800002],[1586047800000,-0.48893001710000017]],"avg":[[1586044800000,-0.15457612395833334],[1586044900000,-0.16408461774666666],[1586045000000,-0.08996933181333339],[1586045100000,0],[1586045200000,0],[1586045300000,0],[1586045400000,-0.041183290941666666],[1586045500000,-0.1383651015516667],[1586045600000,-0.15490324067166664],[1586045700000,-0.15961845516999998],[1586045800000,-0.037769241086666676],[1586045900000,-0.15710906274166667],[1586046000000,-0.1763678904166666],[1586046100000,-0.16037312250333335],[1586046200000,-0.1595400649166666],[1586046300000,-0.15584683828833332],[1586046400000,-0.13333058477166665],[1586046500000,-0.14824658964666668],[1586046600000,-0.13068754104666663],[1586046700000,-0.15673188619333334],[1586046800000,-0.15832408943000004],[1586046900000,-0.15475003004666665],[1586047000000,-0.15443173132000002],[1586047100000,-0.12415716329499996],[1586047200000,-0.12292217166166663],[1586047300000,-0.12310859395333336],[1586047400000,-0.12792487869666658],[1586047500000,-0.1285492589233333],[1586047600000,-0.1669635069736667],[1586047700000,-0.24818728102949997],[1586047800000,-0.3010139610958334],[1586047858190,-0.3010139610958334]]}