{"10":[[1586044800000,null],[1586044900000,-0.0018954952099999999],[1586045000000,-0.00020250726],[1586045100000,-0.0016061498199999998],[1586045200000,-0.0014660236200000002],[1586045300000,-0.00127737567],[1586045400000,-0.00100318283],[1586045500000,-0.00182496309],[1586045600000,-0.0002823687],[1586045700000,-0.00117473617],[1586045800000,-0.00047453980999999997],[1586045900000,-0.00157846883],[1586046000000,0.00016151467],[1586046100000,-0.00110785022],[1586046200000,null],[1586046300000,-0.00151791126],[1586046400000,-0.00022771675000000003],[1586046500000,0.00018781841],[1586046600000,-0.0013086318999999999],[1586046700000,-0.00153408855],[1586046800000,-0.00093920901],[1586046900000,-0.0013247899699999999],[1586047000000,-0.00204805255],[1586047100000,-0.0013280303800000002],[1586047200000,-0.00035140496],[1586047300000,-0.00086859375],[1586047400000,-0.00104769066],[1586047500000,0.0006486104400000001],[1586047600000,-0.00004574511],[1586047700000,-0.0014401708499999998],[1586047800000,null]],"11":[[1586044800000,null],[1586044900000,0.0010103404500000001],[1586045000000,0.00017861072],[1586045100000,-0.00042124364999999997],[1586045200000,-0.0011585749700000001],[1586045300000,-0.00150814071],[1586045400000,-0.0012354536400000001],[1586045500000,0.00008961659],[1586045600000,0.00073073283],[1586045700000,0.00056211203],[1586045800000,-0.00115165025],[1586045900000,-0.0010545972],[1586046000000,0.00043789877999999996],[1586046100000,-0.0005900952599999999],[1586046200000,-0.00240404844],[1586046300000,0.00004400589],[1586046400000,-0.00091044739],[1586046500000,-0.00054050725],[1586046600000,0.00239856422],[1586046700000,0.00045716893],[1586046800000,0.0012729485300000001],[1586046900000,0.00145293593],[1586047000000,0.0015280053],[1586047100000,0.00009868756],[1586047200000,0.00019585019],[1586047300000,0.00078973368],[1586047400000,0.0005877167],[1586047500000,0.00187038705],[1586047600000,0.0028621226500000004],[1586047700000,null],[1586047800000,null]],"12":[[1586044800000,null],[1586044900000,-0.00211881548],[1586045000000,-0.00243269801],[1586045100000,-0.00218364775],[1586045200000,-0.00245017201],[1586045300000,-0.00161201775],[1586045400000,-0.00182916895],[1586045500000,-0.00102319896],[1586045600000,-0.00077241912],[1586045700000,0.00017208595],[1586045800000,-0.00368789643],[1586045900000,-0.00193142653],[1586046000000,-0.00340266705],[1586046100000,-0.00106013462],[1586046200000,null],[1586046300000,-0.00099142626],[1586046400000,-0.00101087093],[1586046500000,-0.0024445495],[1586046600000,-0.00409100443],[1586046700000,-0.0039823699],[1586046800000,-0.00196953118],[1586046900000,-0.00191200122],[1586047000000,null],[1586047100000,-0.0029433313],[1586047200000,0.00005047683],[1586047300000,-0.00242428094],[1586047400000,-0.0019503989799999999],[1586047500000,-0.00052914556],[1586047600000,-0.00249001056],[1586047700000,-0.00015843682],[1586047800000,-0.0029835956833333334]],"01":[[1586044800000,null],[1586044900000,-0.0032159933400000003],[1586045000000,-0.003977018],[1586045100000,-0.00194297001],[1586045200000,-0.00269027174],[1586045300000,-0.00249207318],[1586045400000,-0.00314155191],[1586045500000,-0.00428204626],[1586045600000,-0.00036082062999999995],[1586045700000,-0.0015773367899999998],[1586045800000,-0.00156275421],[1586045900000,-0.0034625566],[1586046000000,-0.00340520471],[1586046100000,-0.00445133477],[1586046200000,-0.00047925721999999996],[1586046300000,-0.0017385593099999998],[1586046400000,-0.00235558361],[1586046500000,-0.00234386444],[1586046600000,-0.0022740915400000002],[1586046700000,-0.0045443218899999995],[1586046800000,-0.00386869341],[1586046900000,-0.00057125453],[1586047000000,-0.0050972431900000005],[1586047100000,-0.00420897067],[1586047200000,0.00020541715],[1586047300000,-0.00302605182],[1586047400000,-0.00253221869],[1586047500000,-0.0025855460800000003],[1586047600000,-0.00110945717],[1586047700000,-0.00209521353],[1586047800000,0.0005076144833333333]],"02":[[1586044800000,null],[1586044900000,-0.00097822189],[1586045000000,-0.00303343087],[1586045100000,-0.00167669386],[1586045200000,0.00028565709],[1586045300000,-0.00069790408],[1586045400000,-0.00160095334],[1586045500000,-0.00221361667],[1586045600000,-0.00157560214],[1586045700000,-0.00267527133],[1586045800000,-0.00406848192],[1586045900000,-0.0028728953],[1586046000000,-0.0027145925199999997],[1586046100000,-0.0012397408499999999],[1586046200000,-0.0016285486499999998],[1586046300000,-0.00293960929],[1586046400000,-0.00280850202],[1586046500000,-0.00164835006],[1586046600000,-0.00279655069],[1586046700000,-0.00212837577],[1586046800000,-0.00266120076],[1586046900000,-0.00318610132],[1586047000000,-0.0044337308399999996],[1586047100000,-0.00239223421],[1586047200000,-0.00195963785],[1586047300000,-0.00214567155],[1586047400000,-0.00281873912],[1586047500000,-0.00219545513],[1586047600000,-0.00294391781],[1586047700000,-0.00324765593],[1586047800000,-0.006706377866666667]],"00":[[1586044800000,null],[1586044900000,-0.00114372641],[1586045000000,-0.00137755737],[1586045100000,-0.0020083619699999998],[1586045200000,-0.00163331509],[1586045300000,-0.0017797181],[1586045400000,-0.0019645622400000003],[1586045500000,-0.0014135623],[1586045600000,-0.00107857913],[1586045700000,-0.00127260476],[1586045800000,-0.00145886257],[1586045900000,-0.00155110911],[1586046000000,-0.0013390177500000001],[1586046100000,-0.00141902417],[1586046200000,-0.0010756506],[1586046300000,-0.00106786758],[1586046400000,-0.0012820684900000001],[1586046500000,-0.00107763588],[1586046600000,-0.00137648165],[1586046700000,-0.00128136009],[1586046800000,-0.00132385328],[1586046900000,-0.00133444577],[1586047000000,-0.0011028355400000002],[1586047100000,-0.00133950874],[1586047200000,-0.00129505277],[1586047300000,-0.0012791022699999998],[1586047400000,-0.00122396559],[1586047500000,-0.00156382918],[1586047600000,-0.0013279639200000002],[1586047700000,-0.00121507004],[1586047800000,-0.0019961799166666665]],"avg":[[1586044800000,null],[1586044900000,-0.00139031865],[1586045000000,-0.00180743347],[1586045100000,-0.00163984451],[1586045200000,-0.00151878339],[1586045300000,-0.00156120492],[1586045400000,-0.00179581215],[1586045500000,-0.00177796178],[1586045600000,-0.00055650948],[1586045700000,-0.00099429185],[1586045800000,-0.0020673642],[1586045900000,-0.00207517559],[1586046000000,-0.00171034476],[1586046100000,-0.00164469665],[1586046200000,-0.0013968762300000002],[1586046300000,-0.0013685613],[1586046400000,-0.00143253153],[1586046500000,-0.00131118145],[1586046600000,-0.0015746993300000001],[1586046700000,-0.00216889121],[1586046800000,-0.00158158985],[1586046900000,-0.00114594281],[1586047000000,-0.00223077136],[1586047100000,-0.00201889796],[1586047200000,-0.00052572524],[1586047300000,-0.00149232777],[1586047400000,-0.00149754939],[1586047500000,-0.00072582974],[1586047600000,-0.00084249532],[1586047700000,-0.00163130943],[1586047800000,-0.00279463475]]}