{"start_time":[[0,"0.04"],[1,"30.04"],[2,"60.04"],[3,"90.04"],[4,"120.04"],[5,"150.04"],[6,"180.04"],[7,"210.04"],[8,"240.04"],[9,"270.04"],[10,"300.04"],[11,"330.04"],[12,"360.04"],[13,"390.04"],[14,"420.04"],[15,"450.04"],[16,"480.04"],[17,"510.04"],[18,"540.04"],[19,"570.04"],[20,"600.04"],[21,"630.04"],[22,"660.04"],[23,"690.04"],[24,"720.04"],[25,"750.04"],[26,"780.04"],[27,"810.04"],[28,"840.04"],[29,"870.04"],[30,"900.04"],[31,"930.04"],[32,"960.04"],[33,"990.04"],[34,"1020.04"],[35,"1050.04"],[36,"1080.04"],[37,"1110.04"],[38,"1140.04"],[39,"1170.04"],[40,"1200.04"],[41,"1230.04"],[42,"1260.04"],[43,"1290.04"],[44,"1320.04"],[45,"1350.04"],[46,"1380.04"],[47,"1410.04"],[48,"1440.04"],[49,"1470.04"],[50,"1500.04"],[51,"1530.04"],[52,"1560.04"],[53,"1590.04"],[54,"1620.04"],[55,"1650.04"],[56,"1680.04"],[57,"1710.04"],[58,"1740.04"],[59,"1770.04"],[60,"1800.04"],[61,"1830.04"],[62,"1860.04"],[63,"1890.04"],[64,"1920.04"],[65,"1950.04"],[66,"1980.04"],[67,"2010.04"],[68,"2040.04"],[69,"2070.04"],[70,"2100.04"],[71,"2130.04"],[72,"2160.04"],[73,"2190.04"],[74,"2220.04"],[75,"2250.04"],[76,"2280.04"],[77,"2310.04"],[78,"2340.04"],[79,"2370.04"],[80,"2400.04"],[81,"2430.04"],[82,"2460.04"],[83,"2490.04"],[84,"2520.04"],[85,"2550.04"],[86,"2580.04"],[87,"2610.04"],[88,"2640.04"],[89,"2670.04"],[90,"2700.04"],[91,"2730.04"],[92,"2760.04"],[93,"2790.04"],[94,"2820.04"],[95,"2850.04"],[96,"2880.04"],[97,"2910.04"],[98,"2940.04"],[99,"2970.04"],[100,"3000.04"],[101,"3030.04"]],"rppg_sync":[[0,"-0.01350152293678072"],[1,"-0.004316915962542111"],[2,"-0.3656225849118925"],[3,"-0.4627394069336471"],[4,"0.07700007203553336"],[5,"-0.18027294192464288"],[6,"-0.301797135361244"],[7,"-0.09220522830107723"],[8,"0.04454253629348145"],[9,"0.0"],[10,"0.0"],[11,"0.0"],[12,"0.0"],[13,"0.0"],[14,"0.0"],[15,"0.0"],[16,"0.0"],[17,"0.0"],[18,"0.0"],[19,"0.0"],[20,"0.0"],[21,"0.0"],[22,"0.012613561066949115"],[23,"-0.04342984379737957"],[24,"0.5715527629317377"],[25,"0.13229527053337062"],[26,"0.07080542136297044"],[27,"0.24064595656427215"],[28,"-0.3069784257435863"],[29,"-0.12954151935971236"],[30,"-0.06613132250374122"],[31,"0.05636668479682066"],[32,"-0.17412176155248665"],[33,"-0.051366816867271924"],[34,"-0.1074179852495369"],[35,"0.0"],[36,"0.0"],[37,"0.07259695966557853"],[38,"-0.1480006901470355"],[39,"0.34558501440323025"],[40,"-0.17529972986281664"],[41,"-0.255465511216355"],[42,"-0.15212867729562288"],[43,"0.043043274842955996"],[44,"0.08752876488710065"],[45,"-0.33833043896773896"],[46,"-0.25794225692677375"],[47,"-0.24156063610455517"],[48,"-0.028723068008438015"],[49,"-0.049778077341603014"],[50,"0.5819354266248572"],[51,"-0.23064743930698342"],[52,"-0.4263598700127407"],[53,"-0.0815668981169442"],[54,"0.05965821333578998"],[55,"-0.2585440846960935"],[56,"-0.23373422665831298"],[57,"-0.3560916061920626"],[58,"0.012328641883007817"],[59,"-0.013812611256471246"],[60,"0.27468961566712774"],[61,"0.1459544308391583"],[62,"0.011595875694291552"],[63,"-0.2288620775811574"],[64,"0.06375486029677992"],[65,"0.08502028874999869"],[66,"-0.2888577497250937"],[67,"-0.3130375733846928"],[68,"-0.32626758277285506"],[69,"0.18409205096931694"],[70,"-0.3709363076816504"],[71,"-0.16494171929693588"],[72,"0.26101652189741026"],[73,"-0.06299250337129123"],[74,"0.18482681413549087"],[75,"0.1138302118050724"],[76,"-0.02798177911501165"],[77,"0.034597335771131686"],[78,"-0.25020356136992317"],[79,"0.08591057480395366"],[80,"0.1479713327635262"],[81,"-0.22160455349692346"],[82,"0.1546061887362677"],[83,"-0.07273585931018853"],[84,"-0.12220872677959203"],[85,"0.18656137927458133"],[86,"-0.07021971453700727"],[87,"-0.1822854603414149"],[88,"0.09346628871536561"],[89,"0.0950951014120911"],[90,"-0.21255409605716932"],[91,"0.20563321202371868"],[92,"0.26133336056144096"],[93,"-0.30007249769887384"],[94,"0.2658595241223682"],[95,"0.1451062550614326"],[96,"0.012647941826862486"],[97,"0.07105771527344054"],[98,"0.038211714646829834"],[99,"0.07462715488829708"],[100,"0.16739356007953532"],[101,"0.14964085884059466"]]}
