{"10":[[1586044800000,0.21822878176800017],[1586044900000,0.2888754337280001],[1586045000000,0.16162083499999988],[1586045100000,0],[1586045200000,0],[1586045300000,0],[1586045400000,0.015914416879999997],[1586045500000,0.20256555282800007],[1586045600000,0.3555269405119994],[1586045700000,0.23155372055599918],[1586045800000,0.042756211720000055],[1586045900000,0.2759886589043998],[1586046000000,0.27286334765999976],[1586046100000,0.25962433566000004],[1586046200000,0.2855510752640004],[1586046300000,0.24819856333600002],[1586046400000,0.23476013352000058],[1586046500000,0.13974349715599993],[1586046600000,0.28057047980999994],[1586046700000,0.24996616493600027],[1586046800000,0.3279815722399998],[1586046900000,0.2888077470120002],[1586047000000,0.20065297024399983],[1586047100000,0.2095945466803998],[1586047200000,0.3392626845200004],[1586047300000,0.21016315614000042],[1586047400000,0.2724616923560002],[1586047500000,0.1559274552640001],[1586047600000,0.17778946543199983],[1586047700000,0.014644500520000013],[1586047800000,0]],"11":[[1586044800000,0.42042278637199954],[1586044900000,0.4019517509320002],[1586045000000,0.17899891427599993],[1586045100000,0],[1586045200000,0],[1586045300000,0],[1586045400000,0.044884138680000046],[1586045500000,0.3819780936680006],[1586045600000,0.33507923507599974],[1586045700000,0.33389696568400024],[1586045800000,0.08728385979999992],[1586045900000,0.272785121572],[1586046000000,0.34097559412399997],[1586046100000,0.3428491658360004],[1586046200000,0.4727753060759988],[1586046300000,0.4707180193240002],[1586046400000,0.3839245821479996],[1586046500000,0.3176856576039996],[1586046600000,0.4242040577239997],[1586046700000,0.4555864229559988],[1586046800000,0.39168299550240065],[1586046900000,0.43868767233440037],[1586047000000,0.4042329372159997],[1586047100000,0.2993949797759999],[1586047200000,0.2585676143960001],[1586047300000,0.272760928416],[1586047400000,0.32308261292959994],[1586047500000,0.344459847076],[1586047600000,0.18094528170800014],[1586047700000,0],[1586047800000,0]],"01":[[1586044800000,0.017472669787999995],[1586044900000,0.216351241308],[1586045000000,0.09722989245199998],[1586045100000,0],[1586045200000,0],[1586045300000,0],[1586045400000,0.020292505259999986],[1586045500000,0.11479464550799993],[1586045600000,0.09053240457199996],[1586045700000,0.055196379472],[1586045800000,0.015955180319999998],[1586045900000,0.1537924809],[1586046000000,0.1546623915080001],[1586046100000,0.27707310956000014],[1586046200000,0.3004211116240003],[1586046300000,0.13442946878400008],[1586046400000,0.1476421051600001],[1586046500000,0.1485530075800001],[1586046600000,0.18013852255200008],[1586046700000,0.12165173046800014],[1586046800000,0.23976305724000022],[1586046900000,0.150367852448],[1586047000000,0.3060833191160005],[1586047100000,0.1340064784340001],[1586047200000,0.15850171479599984],[1586047300000,0.12296588483999997],[1586047400000,0.10854533222800006],[1586047500000,0.089191667708],[1586047600000,0.10087300792400003],[1586047700000,0.21561047425199964],[1586047800000,0.20501643024865593]],"02":[[1586044800000,0.18403467010400004],[1586044900000,0.31610828457600015],[1586045000000,0.1920085864039998],[1586045100000,0],[1586045200000,0],[1586045300000,0],[1586045400000,0.06732210385599989],[1586045500000,0.28915202945600044],[1586045600000,0.35385175369200006],[1586045700000,0.24642711309999976],[1586045800000,0.06575737228440003],[1586045900000,0.2081727384520001],[1586046000000,0.3283384377480002],[1586046100000,0.25876514352799984],[1586046200000,0.30107895870399953],[1586046300000,0.32007994351200014],[1586046400000,0.2755298282759996],[1586046500000,0.28223868904560007],[1586046600000,0.28313908455599995],[1586046700000,0.2946284255399999],[1586046800000,0.31497446674799945],[1586046900000,0.34847822178799986],[1586047000000,0.2534182872835998],[1586047100000,0.40474022815200017],[1586047200000,0.4359804189000008],[1586047300000,0.30967980639199916],[1586047400000,0.2537026896880001],[1586047500000,0.31257422113199984],[1586047600000,0.3153804191719993],[1586047700000,0.2829523909971998],[1586047800000,0.3557607627540323]],"00":[[1586044800000,0.3104505416400002],[1586044900000,0.35217909785599993],[1586045000000,0.09212420812000006],[1586045100000,0],[1586045200000,0],[1586045300000,0],[1586045400000,0.057206663664000006],[1586045500000,0.354574829712],[1586045600000,0.35289263559200046],[1586045700000,0.35297081570000105],[1586045800000,0.08209760622399999],[1586045900000,0.2708062509639997],[1586046000000,0.3216119381587996],[1586046100000,0.46893378066799835],[1586046200000,0.28979370703639945],[1586046300000,0.480868973795999],[1586046400000,0.36335925555599985],[1586046500000,0.3807564268879998],[1586046600000,0.4144549383599994],[1586046700000,0.305137964336],[1586046800000,0.40618336282799994],[1586046900000,0.23982715154399994],[1586047000000,0.3545353665680003],[1586047100000,0.2486814520640005],[1586047200000,0.3363808535759996],[1586047300000,0.3384452136479998],[1586047400000,0.2753932589011996],[1586047500000,0.34834502589199995],[1586047600000,0.372014673599999],[1586047700000,0.38631701282959896],[1586047800000,0.39566552655241943]],"avg":[[1586044800000,0.24601323561480032],[1586044900000,0.31640181061039996],[1586045000000,0.1377287083623999],[1586045100000,0],[1586045200000,0],[1586045300000,0],[1586045400000,0.03990077344800005],[1586045500000,0.25391847310239934],[1586045600000,0.2941239459200001],[1586045700000,0.24776510331239998],[1586045800000,0.06355830140800008],[1586045900000,0.24295032382280002],[1586046000000,0.27954631976200006],[1586046100000,0.308382839239199],[1586046200000,0.2982527473780007],[1586046300000,0.30286960110400035],[1586046400000,0.26750624277480045],[1586046500000,0.2506623231131998],[1586046600000,0.2819652129127998],[1586046700000,0.27719910410479964],[1586046800000,0.32033868095760043],[1586046900000,0.2663692800612003],[1586047000000,0.27147237602840085],[1586047100000,0.25725581472479964],[1586047200000,0.2914617593908005],[1586047300000,0.2359711087632002],[1586047400000,0.23140483901720013],[1586047500000,0.2506803379140003],[1586047600000,0.21984829652000018],[1586047700000,0.19057429930040054],[1586047800000,0.19181895905577928],[1586047858190,0.19181895905577928]]}